Num,Date/Time,URL
1,29/04/2022 17:09:28,https://my308759-asutra-m-sdn-bhd.contact.page 
2,29/04/2022 17:09:28,https://my308759-asutra-m-sdn-bhd.contact.page 
3,29/04/2022 17:09:28,https://www.tradeindia.com 
4,29/04/2022 17:09:28,https://malaysia.goods-for-home.pro 
5,29/04/2022 17:09:28,https://www.lubricants1.com 
6,29/04/2022 17:09:28,https://www.bizmalay.com 
7,29/04/2022 17:09:28,https://connect2india.com 
8,29/04/2022 17:09:28,https://malaysiaowl.com 
9,29/04/2022 17:09:28,https://www.listofcompaniesin.com 
