Keywords,Main Website,Mobile/Phone Number
Kanzen Tetsu Sdn Bhd,https://kanzentetsusdnbhdnilai.business.site/,06-799 0199
Kanzen Tetsu Sdn Bhd,https://kanzentetsusdnbhdnilai.business.site/,0123456789
Kanzen Tetsu Sdn Bhd,https://www.heap-wah.com/,603-77829436
Kanzen Tetsu Sdn Bhd,https://www.heap-wah.com/,03-77829436
Kanzen Tetsu Sdn Bhd,https://www.heap-wah.com/,03-77826622
Kanzen Tetsu Sdn Bhd,https://www.heap-wah.com/,03-77816288
Kanzen Tetsu Sdn Bhd,https://www.newpages.com.my/v2/en/index.html,012 7871461
Kanzen Tetsu Sdn Bhd,https://www.newpages.com.my/v2/en/index.html,019 771 5565
Kanzen Tetsu Sdn Bhd,https://www.newpages.com.my/v2/en/index.html,012 716 1461
Kanzen Tetsu Sdn Bhd,https://www.newpages.com.my/v2/en/index.html,012 989 1461
Kanzen Tetsu Sdn Bhd,https://www.newpages.com.my/v2/en/index.html,012 568 1461
Kanzen Tetsu Sdn Bhd,https://www.newpages.com.my/v2/en/index.html,012 471 1461
Kanzen Tetsu Sdn Bhd,https://www.newpages.com.my/v2/en/index.html,012 497 1461
Kanzen Tetsu Sdn Bhd,https://www.newpages.com.my/v2/en/index.html,012 596 1461
Kanzen Tetsu Sdn Bhd,https://www.newpages.com.my/v2/en/index.html,012 690 1461
Kanzen Tetsu Sdn Bhd,https://www.newpages.com.my/v2/en/index.html,019 381 1461
Kanzen Tetsu Sdn Bhd,https://www.newpages.com.my/v2/en/index.html,017 525 1461
Kanzen Tetsu Sdn Bhd,https://www.newpages.com.my/v2/en/index.html,012 476 1461
Kanzen Tetsu Sdn Bhd,https://www.newpages.com.my/v2/en/index.html,012 756 1461
Kanzen Tetsu Sdn Bhd,https://www.newpages.com.my/v2/en/index.html,012 294 1461
Kanzen Tetsu Sdn Bhd,https://www.newpages.com.my/v2/en/index.html,012 782 1461
Kanzen Tetsu Sdn Bhd,https://www.newpages.com.my/v2/en/index.html,012 921 1461
Kanzen Tetsu Sdn Bhd,https://www.newpages.com.my/v2/en/index.html,012 655 1461
Kanzen Tetsu Sdn Bhd,https://www.newpages.com.my/v2/en/index.html,019 778 1461
Kanzen Tetsu Sdn Bhd,https://www.newpages.com.my/v2/en/index.html,014 277 1461
Kanzen Tetsu Sdn Bhd,https://www.newpages.com.my/v2/en/index.html,012 427 1461
Kanzen Tetsu Sdn Bhd,https://www.newpages.com.my/v2/en/index.html,012 786 1461
Kanzen Tetsu Sdn Bhd,https://www.newpages.com.my/v2/en/index.html,012 485 1461
Kanzen Tetsu Sdn Bhd,https://www.newpages.com.my/v2/en/index.html,012 428 1461
Kanzen Tetsu Sdn Bhd,https://www.newpages.com.my/v2/en/index.html,019 431 1461
Kanzen Tetsu Sdn Bhd,https://www.newpages.com.my/v2/en/index.html,019 292 1461
Kanzen Tetsu Sdn Bhd,https://www.newpages.com.my/v2/en/index.html,019 689 1461
Kanzen Tetsu Sdn Bhd,https://www.newpages.com.my/v2/en/index.html,6012 621 1461
