Company_Name,,,
ASUTRA (M) SDN BHD,,,
JONUS TASTY CANDY,,,
Kanzen Tetsu Sdn Bhd,,,
SINCERELY VEGETARIAN FOOD SUPPLIER SDN BHD,,,
SUNTRACO FOOD INDUSTRIES SDN BHD,,,
T&S LIFESTYLE SDN BHD,,,
TANAMSONG DEVELOPMENT SDN BHD,,,
THE ONE GIFT GALLERY SDN BHD,,,
Manxeon @ Thunder Advertising,,,
A&A Plastic Industries Sdn. Bhd.,,,
Ab Kitchen Cabinet Sdn Bhd,,,
ABSOLUTE OFFICE EQUIPMENTS SUPPLY - PALSMART.NET,,,
ABSOLUTE PEST CONTROL SDN BHD,,,
Abumama.my,,,
AC Decor Sdn Bhd,,,
AC Wedding Planning,,,
ACE BINDING SUPPLIES (M) SDN BHD,,,
ACE ISLAND SDN BHD,,,
Acme Pacific Import & Export Sdn Bhd,,,
Acson Malaysia (HQ - Selangor),,,
Activia Nutrition,,,
Adeltec (Malaysia) Sdn Bhd,,,
Adonis 1st academy,,,
ADS Logistic Sdn bhd,,,
Adsec (M) Sdn Bhd,,,
Advance Plus Engineering Sdn. Bhd,,,
Advanced Polytech Sdn Bhd,,,
Adxplace (M) Sdn Bhd,,,
Aero Metal Fabricant Sdn. Bhd.,,,
Aestherior,,,
Afia Manufacturing Sdn Bhd,,,
AI TUITION,,,
Aidijuma Scraffs,,,
Aikta hardware,,,
Alarm & Automation Supplies (M) Sdn. Bhd,,,
ALL IT Hypermarket,,,
Alpha kitchen,,,
Alpine Master Sdn Bhd,,,
Alukitch,,,
Alvin- Mortgage loan,,,
Alwayz (M) Sdn Bhd,,,
Ama Powder Coating Sdn Bhd,,,
Amazing Asia Sdn Bhd,,,
AMIRULROSLAN ENTERPRISE,,,
Anchor-Link Sdn Bhd,,,
Apex Trading Sdn Bhd,,,
APF warehousing & Logistic Sdn Bhd,,,
AquaNano Malaysia,,,
AR Sea (M) Sdn Bhd,,,
Arena Business Solutions Sdn Bhd,,,
Ashiana Teak Industries,,,
Asia Film Equipment Sdn. Bhd.,,,
Aspen Recycle,,,
Aspire Travel Sdn Bhd,,,
ATEMA HOLDINGS (M) SDN BHD,,,
ATM Trading (M) Sdn Bhd,,,
Aveniss Esthetics de Beauty,,,
Az-Technology (M) Sdn Bhd,,,
B.H.L. Alloy Wheel Sdn Bhd,,,
BAKE WITH YEN,,,
BANJARAN SUGEH ENTERPRISE,,,
Banner King,,,
Barcode Online Malaysia,,,
BD Saujana Furniture Sdn Bhd,,,
BDC Corporation Sdn. Bhd,,,
Best Month Baby & Toys Shop,,,
BEST WAY CARGO SDN BHD,,,
BESTWAY VACATION (SELANGOR)SDN BHD.,,,
BIG AD (M) SDN. BHD.,,,
Bina warehouse,,,
Bio-Nutricia Manufacturing Sdn Bhd,,,
BIRTHDAY PARTY,,,
BJC Consulting Services,,,
Bond Ace Sdn Bhd,,,
Bonus Idaman Sdn Bhd,,,
Bosch Brand Store @ SS2,,,
BUAN HOA LEONG MFG SDN BHD,,,
BUILD GET IT LEARNING CENTRE,,,
C Top MOD Enterprise,,,
Cabin BS Container,,,
CAMPS & APPARELS CORP. SDN. BHD.,,,
Canon Marketing (Malaysia) Sdn Bhd - Canon Customer Care Centre (Canon Tower),,,
Carriera,,,
casa bella designs,,,
Catering Equipment Services Sdn Bhd,,,
CB Steel & Letter Box Sdn Bhd,,,
Central Sugars Refinery Sdn Bhd,,,
centralized engineering & maintenance sdn bhd,,,
CERAMIC RESEARCH COMPANY SDN. BHD.,,,
CF AUTOMATION & ELECTRICAL SDN BHD,,,
CF Security Services Sdn Bhd,,,
Chan Kitchen Furniture Sdn Bhd Bukit Kemuning HQ,,,
Chefonic,,,
CHIN SENG PLASTIC,,,
Choice Y T Trading Sdn Bhd,,,
Chong Wah Plastic,,,
Choon Ngai Engineering Works,,,
CHP Technology Sdn Bhd,,,
CITY JUNK ENTERPRISE,,,
CiTY SME SDN BHD,,,
CJ Hardware Sdn Bhd,,,
Cleantools (M) Sdn Bhd, Selangor, Johor Bahru, Penang
Click Movers - KL,,,
CM Mac Sdn Bhd,,,
Colorex Sdn Bhd,,,
COLORMAN,,,
Comedge BMT Sdn. Bhd.,,,
COMOS,,,
CONTECH COMPUTER (M) SDN BHD,,,
COPYMAS SDN BHD,,,
Creative Contract (m) Sdn Bhd,,,
CREATIVE INSTYLE SDN BHD,,,
Cres Wellness,,,
CROWN LUBRICANTS SDN BHD,,,
CRYSTAL LACE,,,
CRYSTAL SIGN TRADING SDN BHD,,,
CS Laundry System Sdn Bhd,,,
Csm Engineering Hardware (m) Sdn Bhd,,,
CTRM Shah Alam,,,
Cwa,,,
CX BEATURY,,,
Cyclepoly Sdn. Bhd.,,,
Cyngus Technologies,,,
D &V Packaging Sdn Bhd,,,
D MENSEE RESOURCES,,,
Daramera,,,
D'Arte Academy,,,
Dasar-Data Sdn Bhd,,,
DAVID CHONG ex Fujitsu,,,
Davor Sdn Bhd,,,
Dayamas Technologies Sdn Bhd,,,
Define Integration Sdn Bhd ,,,
DELIGATEAUX (M) SDN BHD,,,
Dess Kitchen Design Spirits Sdn Bhd,,,
Diagraph Corporation Sdn Bhd,,,
DIGITAL IMAGE SYSTEM SDN BHD,,,
Dinkson Enterprise,,,
DInO? Hair Beauty Salon,,,
Diva,,,
DIVERSIFIED TOTAL SOLUTIONS SDN BHD,,,
DK Stationery ENTERPRISE SDN BHD,,,
DMF Technology,,,
Do Great Sdn Bhd,,,
Dolphin Healthcare Sdn Bhd,,,
Doorbydesign.com,,,
Doremi Sound & Light Sdn Bhd,,,
DOSHIN RUBBER PRODUCTS SDN BHD,,,
DPAPER,,,
DRB PRINTING SOLUTIONS,,,
DYNAPEST PROTECTION SERVICES SDN BHD,,,
Eagle Enterprise Sdn Bhd,,,
EAT CAKE TODAY,,,
ECONEX SDN BHD,,,
Ecotech Elegant Sdn Bhd,,,
E-Document Solutions Sdn Bhd,,,
Eightfold Sdn Bhd ,,,
Eldaco (KL) Sdn Bhd,,,
Electrolux (M) Holdings Sdn Bhd,,,
ELEKTRIM MOTORS & MACHINERY SDN BHD,,,
ELITEECO,,,
Embassy Freight Services Sdn Bhd,,,
EMILYNS HOME,,,
ENC Sdn Bhd,,,
Engtex Industries Sdn Bhd,,,
ENTOPEST ENVIRONMENTAL SERVICES SDN BHD,,,
Envalco Sdn Bhd,,,
ENVIROZONE SDN BHD,,,
Envosha Sdn Bhd,,,
Equitasasia Sdn. Bhd.,,,
ERRAND ENTERPRISE,,,
Esi Access Sdn Bhd,,,
Etani Sdn.Bhd,,,
Etika Laundry & Kitchen Equipment Sdn Bhd,,,
ETONI Car Audio Accessories,,,
Europrint Machinery (M) Sdn Bhd,,,
EVERCOOL AIR-COND & ELECTRICAL ENGINEERING SDN BHD,,,
EVERFIRST WIRA ADVENTURE SDN BHD,,,
EVERMORE INDUSTRIES SDN BHD,,,
EVERTHROUGH RUBBER PRODUCTS SDN BHD,,,
EYE M PIXEL STUDIO,,,
F. R. Mechatronic & Industrial Supply,,,
Fabrilite Sdn. Bhd.,,,
Far Go Industries Sdn Bhd (HQ),,,
FERRO FUTSAL SDN BHD,,,
Fibermind Technology Sdn Bhd,,,
Filtratech Tools Sdn Bhd,,,
FIZONE OFFICE SYSTEM,,,
FLEXTINT SOLUTION,,,
Flowcrete Asia Sdn Bhd,,,
FMP Automotive (Malaysia) Sdn Bhd (15468H),,,
Focus Training And Consulting,,,
Fong In Industries (M) Sdn Bhd,,,
Foodabox,,,
Forest Wind Corporation Sdn Bhd,,,
Forever Gifts,,,
Furmax Hardware(M)sdn.bhd,,,
Future Fast Forward,,,
G Plus Advisory Sdn Bhd,,,
G.K.INGREDIENTS (M) SDN BHD,,,
GA2 Medical Sdn Bhd,,,
GALAXY UNITY RESOURCES,,,
Gamelan Rentak Sdn Bhd,,,
Germax Sdn Bhd,,,
Gift Series Malaysia,,,
GIFTSTALK SDN BHD,,,
Global Advance Ceramic Sdn Bhd,,,
Global Corporate Initiative Sdn Bhd,,,
GLOBAL PLACEMENT RESOURCES,,,
Global Superlink Sdn Bhd,,,
Glory Wellness Beauty Sanctuary,,,
GM GIFTS & BOUQUETS,,,
GN INDUSTRIES SUPPLY,,,
Golden deluxe,,,
GOLDENSEED WELLCARE SDN BHD,,,
GoldenT Interior Designs,,,
GOLDFLEX SDN BHD,,,
GOOD AND WELL SDN BHD,,,
Goodmeyer Curtain Acceosorries Supply Sdn Bhd,,,
GR Security Sdn. Bhd.,,,
GRAND HYDRAULIC (M) SDN BHD,,,
Grand-Flo Electronic Systems Sdn Bhd,,,
Green Concerns Sdn Bhd,,,
Green Energy Trading,,,
Green Innotech Sdn. Bhd.,,,
Green Matrix Subang Jaya Car Rental Services,,,
H. T. H. Industrial Supplies Sdn Bhd,,,
Haanaflo Sdn Bhd,,,
HALF BLAST GAMES,,,
Hamid Carpets M Sdn Bhd,,,
Han Fong Arts Space,,,
HANA FEMME ENTERPRISE,,,
Hana Wallpaper,,,
HE XIN YI Catering Services,,,
Hempel Coatings (M) Sdn Bhd,,,
Hibiz Digital Solutions,,,
HIGH SCORE SDN BHD,,,
Hisense (Malaysia) Sdn. Bhd.,,,
HI-TECH DRIVES (M) SDN BHD,,,
Home Sun Marketing,,,
HOMECARE DESIGN AND DECORATION,,,
HONG SHANG HEAT SHRINK SDN BHD,,,
HUI DAT TRADING SDN BHD,,,
HUP LEK ENGINEERING & TRADING SDN BHD,,,
HUPER ELECTRONICS ENTERPRISE,,,
IB RENOVATION & METAL WORKS,,,
Ideal R Holding,,,
IGT Supplies Sdn Bhd,,,
IKW,,,
IMMORTAL GREEN INDUSTRIAL SDN BHD,,,
Impress Multimedia Centre,,,
INDOMANU MALAYSIA SDN. BHD.,,,
Indowmax (M) Sdn Bhd,,,
INFORTECH MACHINERY TRADING,,,
Inforvative Resources Sdn Bhd,,,
Infrakomas Sdn. Bhd,,,
Inox Steel Sdn Bhd,,,
Inspirasi Saintifik & Servis Sdn Bhd,,,
Inspire Office System Sdn Bhd,,,
Instyle,,,
Inter Win Engineering Sdn Bhd,,,
Interway Transprot & Penghantaran Sdn Bhd,,,
INTERWELD SALES & SERVICE SDN BHD,,,
Intraco Hardware (M) Sdn Bhd,,,
IONS security system,,,
IOP SPECIALISTS SDN BHD,,,
Ipmuda Tiles & Sanitarywares Sdn Bhd,,,
IPSH Sdn Bhd,,,
IRS SOFTWARE SDN BHD,,,
Ishawa Engineering,,,
ITS OFFICE APPLIANCES SDN BHD,,,
Its Trade Sdn Bhd,,,
J & M SCAFFOLDING SDN. BHD,,,
J THASA HANNAH ENTERPRISE,,,
Jasa Export Transit Warehouse,,,
Jati Combustion System Sdn Bhd,,,
Jaya Paper Packaging Sdn Bhd,,,
Jaya Plastik,,,
Jernih Pool,,,
JIENTA METAL (M) SDN BHD,,,
Jks Biomedical Sdn Bhd,,,
JME EQUIPMENT TRADING SDN BHD,,,
JobLinkAsia.com,,,
JP Logisttics,,,
Juhari Renovation Work,,,
Jun Wei Marketing,,,
JUTASAMA SDN. BHD.,,,
JZ Future Solution Sdn Bhd,,,
K S Living,,,
K. E. INDUSTRIAL SUPPLY SDN BHD,,,
K. K. METAL PROCESSING SDN. BHD.,,,
Karchem Industrial Sdn Bhd,,,
Kasuga Sdn Bhd,,,
Kc Trading Sdn Bhd,,,
KCP Construction Equipment Sdn Bhd,,,
Kedai Runcit Kian Huat,,,
Kelabu.M,,,
KEN KEE (M) SDN BHD,,,
Kent Kitchen (M) Sdn. Bhd.,,,
Kenwingston Square Garden,,,
Keyline Consulting Sdn. Bhd,,,
KHAI WAH LITHO PRINTING SDN BHD,,,
KHAN TRADING &SERVICES,,,
KHAYLA ROSE BEAUTY & HEALTH,,,
Khoon Yu Furniture Sdn Bhd,,,
Kian Aik Home Gallery Sdn Bhd,,,
Kids Academy,,,
KIEN & ME ENTERPRISE,,,
Kilang Plastik Brilliant Plastic industries Sdn Bhd,,,
Kilang printing tshirt,,,
KINHENG FURNITURE,,,
"Kitchen Appliances, Sink & Tap Fittings Center",,,
KL CONSTRUCTION DECORENO SDN BHD,,,
Kong Posh Industries (M)Sdn Bhd,,,
KONQUIP SDN BHD,,,
KPC MANUFACTURING (M) SDN BHD,,,
Kpt Packaging Sdn Bhd,,,
KST Glass & Aluminium Sdn Bhd,,,
Kuala Lumpur Fried Chicken (M) Sdn. Bhd.,,,
Kwo Tang Information,,,
L.T.C Structural Works Sdn Bhd,,,
LA SIGN EDGE,,,
La Vie,,,
Labelmark Sdn Bhd,,,
Labmetrik Electrical Sdn Bhd,,,
Land & General Berhad,,,
LAUNDRY SERVICE MALAYSIA,,,
Laurel Wallpaper & Designs,,,
LAVE REPUBLIC,,,
Lavino,,,
LAVOR (M) SDN. BHD.,,,
Lazern Sdn Bhd,,,
Le Creuset,,,
Leads from Asma,,,
Lee Seng Hardware & Machinery Trading,,,
Len Zon Marketing Sdn Bhd,,,
LEONG HOCK AUTO Sdn Bhd,,,
LIFEWAYS SDN BHD,,,
Liminco Sdn Bhd,,,
LISA CANDY ENTERPRISE,,,
List Sdn Bhd,,,
Little Kimchi,,,
LITTLEBELL KINDERGARDEN,,,
LOHMANSON INC SDN BHD,,,
Loyal Forms Printer (m) Sdn Bhd,,,
Luen Mei Plastic Industries Sdn. Bhd.,,,
LVD (MALAYSIA) SDN BHD,,,
LY FURNITURE SDN. BHD.,,,
MacFixit Services,,,
MACGLOTECH STEEL SERVICE CENTRE SDN. BHD. ,,,
MACHINERY AND EQUIPMENT MANUFACTURERS ASSOCIATION,,,
Macnote Studio,,,
Macro Milling Machines Sdn Bhd,,,
Magicseal Screen Sdn. Bhd.,,,
MAHATEX SDN BHD,,,
MAJANAR ZIEN SDN BHD,,,
Maju Murni Enterprise,,,
Malaysia Auto Products Sdn. Bhd.,,,
MALAYSIA CLAY ART,,,
Malaysia Interior Design & Build Graphic Works,,,
Malaysian Institute of Food Technology,,,
MAMAJO,,,
Maple Tech Sdn. Bhd.,,,
Mareqsue Sdn Bhd,,,
Masing Enterprise Sdn Bhd,,,
MASTERMAC EQUIPMENT SDN BHD,,,
Maxeffect Resources Sdn Bhd,,,
Maxeffect Resources Sdn. Bhd,,,
maxoffice,,,
MBIC (Asia Pasific) Sdn. Bhd.,,,
MBS PAINTS & TOOLS SDN BHD,,,
M-Come Plastic Manufacture Sdn Bhd,,,
MCY Food Supply,,,
MEDIFEET (HQ) SDN BHD,,,
Megah Air-Conditioning & Ducting Specialist,,,
Megaplas Corporation Sdn Bhd,,,
Memfil Sdn Bhd,,,
MFleet Logistics Sdn. Bhd.,,,
Mgear (M) Sdn Bhd,,,
Micro Control Group Sdn Bhd,,,
MIKROMEDIK SDN BHD,,,
Mimosacloset,,,
Mine Mattress Sdn Bhd,,,
mix mix,,,
Miyabi Aromatics,,,
Mizi Catering,,,
MK Transport Services,,,
MOBILE LAUNDRY (Dobi Seri Mutiara),,,
Moccis furniture,,,
Modern Air Conditioning (KL) Sdn Bhd,,,
Moovby HQ (Malaysia),,,
Mr Alex Lee 013 676 8848 24 Jan 2018,,,
Mr Yong,,,
MRES ENGINEERING SDN BHD,,,
MRO SOLUTIONS (M) SDN BHD,,,
MTS Machinery Sdn Bhd,,,
MUHAMMAD AUTO PARTS & SERVICES,,,
Multi Seatrade Services (M) Sdn Bhd,,,
MULTIPLE SALES & SERVICES SDN BHD,,,
MULTIVAC Malaysia,,,
MY FLEXITANK Industreis Sdn BHD,,,
MY Gogoprint Sdn. Bhd.,,,
MY RENOVATION SPECIALIST,,,
MY SMART BIZ,,,
Mym Supply & Services Sdn Bhd,,,
MYM Technology sdn bhd,,,
Mymaterial Sdn Bhd,,,
Mymesin Machinery & Hardware Sdn Bhd,,,
myrenovationspecialist,,,
MYSHIRT.COM.MY.,,,
Mywall Rich Decor (SA) SDN BHD,,,
N. H. G. Marketing Sdn Bhd,,,
NAM KEONG SDN BHD,,,
NATURAL COOL AIR-COND ELECTRICAL SDN BHD,,,
NATURAL ELIXIRS SDN. BHD.,,,
Nazrol Tech,,,
NESS ALARM & AUTOMATION (M) SDN BHD,,,
Newlife Worldwide Sdn Bhd,,,
NEXTECH SDN BHD,,,
NH Infinity Concepts Sdn Bhd,,,
Nine illusion Design,,,
NINE SIX DESIGN SDN. BHD,,,
NIS.KEY ENTERPRISE,,,
NNS MARKETING (M) SDN BHD,,,
Novaflow Engineering,,,
Novia Lubricants,,,
NUTECH INDUSTRIES SDN BHD,,,
NXG Distribution Sdn BHd,,,
NYONYA.LOVE,,,
NZAC Venture Sdn. Bhd.,,,
OBS INGREDIENTS SDN BHD,,,
OCEAN MINERAL WATER (M) SDN. BHD.,,,
OCNED WATER TECHNOLOGY SDN BHD,,,
OFFICE PRO (INPRO CONCEPT DESIGNS),,,
Office ProIN PRO GROUP SDN BHD,,,
Officemalaysiafurniture.com.my,,,
OK LAUNDRY,,,
One Green Solution Sdn Bhd,,,
One Heart Printing & Design,,,
One House Laundry,,,
One Power Office Systems Sdn Bhd,,,
OPM UNITED (M) SDN. BHD.,,,
OPTIMA INTERNATIONAL COLLEGE,,,
Oriental Oleochem Sdn Bhd,,,
ORIVIC SDN BHD,,,
OSAKA EDUCATION SUPPLIES,,,
OTS ENGINEERING CONSULTANCY,,,
Oyuki Beauty,,,
PACIFIC HARDWARE TRADING,,,
Palazzo We Sdn Bhd,,,
Pandan Utama Sdn Bhd,,,
PANMETAL MARKETING SDN BHD,,,
PARTY FRIENDS,,,
Pattern Studio,,,
PEJABAT URUSAN YEE CHEONG PLASTIC MANUFACTURER,,,
Perniagaan Elektrik Winkong Sdn Bhd,,,
Perswood Sdn Bhd,,,
Pesonex Sdn Bhd,,,
Pkns Engineering & Construction Bhd,,,
PLE Laundry Equipment Sdn Bhd,,,
POHYEP,,,
PolishAngel,,,
Poly Gas Sdn Bhd,,,
Pong Codan Rubber (M) Sdn bhd,,,
Potential Label Enterprise,,,
Premier Channel Sdn Bhd,,,
Premier Lighting & Trading Sdn Bhd,,,
PRESTIGE AIR CONDITION ENGINEERING SDN BHD,,,
Primo Solutions,,,
Printpro Printing & Promotional Services,,,
PRO WATER ENGINEERING & TRADING,,,
PROKON SDN BHD,,,
Protech Security,,,
Protool & Gauge Sdn Bhd,,,
PROVAL CONTROL SDN BHD,,,
PROZEN MARKETING AND SERVICES,,,
Ps Vibrant Decor,,,
Pumpup (m) Sdn Bhd,,,
PURE COLOR TEE SDN BHD,,,
PUSAN FURNITURE,,,
PUSAT LATIHAN KALIGRAFI INDAH,,,
Pusat Tuisyen Pesat,,,
PYE Products (M) Sdn. Bhd.,,,
QI-NET COMPUTER SDN BHD,,,
Quality Result Sdn Bhd,,,
R & E Corporation (m) Sdn Bhd,,,
R&E Corporation (M) Sdn Bhd,,,
R.P.M Sdn Bhd,,,
RACK MASTER INDUSTRIES SDN BHD,,,
Radical Network,,,
Rarebyfara Kuala Lumpur Resources,,,
RAS CONTAINER SERVICES SDN BHD,,,
RAYTECH TINTING HEAD OFFICE,,,
REAL FITNESS,,,
Red Zone Solution Sdn Bhd,,,
REFRACON SDN. BHD.,,,
Reka jadi sdn bhd,,,
Reliance travel,,,
Resource Food Supplies (M) Sdn Bhd,,,
Restoran H&H Sdn Bhd,,,
Revertex Finewaters Sdn Bhd,,,
RIDPEST SHAH ALAM,,,
RJ Vision,,,
RJ WORKS SDN BHD,,,
RKT TECHNOLOGY SDN BHD,,,
RMC CATERING,,,
Rokonma (Malaysia) Sdn Bhd,,,
RQ Resources /Home Furniture,,,
RS DESIGN & RENOVATION,,,
SA Interior Creation Enterprise,,,
Sagatan Sdn Bhd,,,
SANDRA SUCCESS RESOURCES,,,
Sanicare Hygiene Services Sdn Bhd,,,
Sanprint Sdn Bhd,,,
Sanxin Printing Systems Sdn Bhd,,,
Sasuke Outlet,,,
SAYANGKU,,,
SBL SIN BAN LEE HARDWARE SDN BHD,,,
scientex,,,
SCIENTEX AUTO INDUSTRIES SDN BHD,,,
Screw And Nuts Shop,,,
Secure Source Distribution (M) Sdn Bhd,,,
SEERS MARKETING SDN BHD,,,
SELLEZ Boutique,,,
Seng Choon Hardware (m) Sdn Bhd,,,
SENG YIP FURNITURE SDN BHD,,,
SERENE EXPERIENCE ASIA TOURS & TRAVEL SDN BHD,,,
SERI MALAYA TRAVEL & TOURS SDN BHD,,,
Shanman Engineering Sdn.Bhd.,,,
Sharma Management International,,,
Shasima Sdn Bhd,,,
Shin Chan 260 Canopy,,,
Shuang Yi Kitchen Sdn Bhd,,,
SIERRA GLOW (M) SDN BHD,,,
SIERRA KIARA SDN BHD,,,
SIETRON FURNITURE (M) SDN BHD,,,
Simlecco Sdn Bhd,,,
Sin Hai Cheong (M) Sdn Bhd / Vision Thermoplastic,,,
Sin Zih Interior Design The Creation,,,
SINMAG BAKERY EQUIPMENT SDN BHD,,,
SITAMAS,,,
Sliya Nu Printing Sdn Bhd,,,
Smart Uniform Sdn Bhd,,,
Smokehouse Fishery Sdn Bhd,,,
Sofa Maker Malaysia,,,
SolarTech,,,
Solid Greentech Solutions Sdn Bhd,,,
Sonic Steam & Sauna (M) Sdn Bhd,,,
Soonaru,,,
SOUTH ISLAND FURNITURE,,,
SP TECS SDN BHD,,,
speedfrozen,,,
SPRAYING SYSTEMS (MALAYSIA) SDN BHD,,,
SRITA SENDIRIAN BERHAD,,,
Stamford College,,,
standardoffice system marketing,,,
Star Plastics Industries Co,,,
STARFIVE MARKETING,,,
Starhill Furniture Sdn Bhd,,,
Straits Wine Company,,,
STT PRECISION SDN BHD,,,
Stuttgart marketing,,,
SUB PUMP ENGINEERING SDN BHD,,,
Sumeya Perabot,,,
Sumo's (M) Sdn Bhd,,,
SUNLIGHT MARKETING (SPORTS) SDN BHD,,,
Sunshine Kitchen Sdn Bhd,,,
SUPERIOR SAFETY FOOTWEAR,,,
SUREONE INDUSTRIES SDN BHD,,,
SUREONE LABEL SDN BHD,,,
Suria Wholesalers Sdn. bhd.,,,
SUTRA,,,
SY Essential Wellness,,,
Syarikat Iklan & Perdagangan Ghai Bee,,,
SYARIKAT LAYANNA SDN BHD,,,
SYARIKAT PERNIAGAAN ENG JIANG,,,
SYNSTECH SDN BHD,,,
SYNTHETIC COMPOUND CENTRE SDN BHD,,,
Sysmac Automation Sdn Bhd,,,
T & Y Deco Construction Sdn. Bhd,,,
T.S MANUFACTURING SDN BHD,,,
Tabula Rasa,,,
Tamadun Enterprise,,,
TANJONG INTERIOR & DECORATOR SDN BHD,,,
Tawei (M) Sdn. Bhd,,,
TC ART DISTRIBUTORS SDN BHD,,,
TC OFFICE SYSTEM,,,
Tc Print Trading,,,
teakia furniture,,,
Techno- furniture,,,
Techno Furniture Industries (M) Sdn. Bhd.,,,
Technoplus Kitchen & Bath Solution,,,
TECKCHIN AIR-COND ENGINEERING & SERVICE,,,
TECKUAN AIR-COND SDN BHD,,,
Temacon Engineering Sdn Bhd,,,
TEMPTATION MARKETING SDN BHD,,,
Ten ren,,,
Terreal Malaysia Sdn Bhd,,,
Tetramass Ad Communications Sdn Bhd,,,
Th Furniture Trading Sdn. Bhd.,,,
THE ARK STUDIOS SDN BHD,,,
THE HOT SHOE SHOW & CO. SDN BHD @ HOTSHOES,,,
The One Gift Gallery Sdn Bhd,,,
Three A's Interior Design & Décor Sdn Bhd,,,
THT Technology Sdn. Bhd,,,
TIEN TIEN KITCHEN EQUIPMENT,,,
TIMELESS DESIGN,,,
times academy sdn bhd,,,
Titan Fire Safety Sdn. Bhd.,,,
TITIJAYA,,,
Tm Top Matic Trading Sdn Bhd,,,
TOMTA,,,
TOTAL METERING SOLUTION SDN BHD,,,
Toys Box Marketing (M) Sdn Bhd,,,
TRASPADU ENGINEERING (M) SDN BHD,,,
TRC SYNERGY BERHAD,,,
Triconville,,,
TSH Technology Sdn Bhd,,,
TSM WELDING TECHNOLOGY SDN BHD,,,
TTS Cosmeceutical Trading,,,
TWIN HORSE AIR-COND ELECTRICAL SDN BHD,,,
U Trading & Supplies Sdn. Bhd.,,,
UEMS Solutions Sdn. Bhd.,,,
Ultimate Escape Services,,,
ULTRA AUTOMATION SDN BHD,,,
Uni Hygiene Services (M) Sdn Bhd,,,
Unico steel sdn bhd,,,
Union Eight Sdn. Bhd,,,
Unipress Printer Sdn Bhd,,,
UNIQUE FASHION HOUSE SDN. BHD.,,,
UNIRANGE,,,
UPTOP ACCESS SDN BHD,,,
Urban Love Fashion Wholesale Sdn. Bhd,,,
Urbanez Concept,,,
V CAPITAL,,,
V. Summit Technologies Sdn Bhd / T-Venture,,,
V.A.B. Industries Sdn. Bhd,,,
V3 Builders Sdn. Bhd,,,
VANITY FARE SDN. BHD.,,,
VEES Kitchen Appliances,,,
Vestlane Avenue,,,
Veton Office System Sdn Bhd,,,
Vicmeta Sdn Bhd,,,
Vimax Trading Sdn Bhd,,,
VINA CANOPY & DÉCOR,,,
Vision Design Sdn Bhd,,,
Vision Electrical Hardware Sdn Bhd,,,
Visionware Marketing Sdn. Bhd,,,
VIVA EDARAN SDN BHD,,,
Volcano Name Plate Sdn Bhd,,,
WA KEOW PRESS SDN BHD,,,
WAFENGTEX SDN. BHD.,,,
Wall MakeOver By Na,,,
Wallpaper Specialist Malaysia,,,
WAN NADZIR & CO,,,
Wang Heng Leong Furniture Trading Sdn Bhd,,,
Warisan Advertising S/B,,,
WATER-CUT SPECIALIST SDN BHD,,,
Wawasan 68 Sdn Bhd,,,
WEDDING COTTAGE ONLINE,,,
WEDDING ISLE,,,
WELCO KITCHEN CABINET Batu Caves (beside MAYBANK),,,
Well Lock Sdn Bhd,,,
WELLPACK SUPPLIES,,,
WEL-TECH GAS EQUIPMENT SDN BHD,,,
WEN HO INDUSTRIES SDN BHD,,,
Weng Din Engineering Sdn Bhd,,,
Weng Soon Engineering Sdn Bhd,,,
WEST STAR,,,
WEY MING SDN. BHD.,,,
WHO NEXT SDN. BHD.,,,
WIENNA TRADING SDN. BHD.,,,
WINKO INDUSTRIAL SDN BHD,,,
WINMART RESOURCE,,,
WINSEN MACHINERY (M) SDN BHD,,,
WINZE MANAGEMENT SDN. BHD.,,,
Wisma Light Way,,,
Wittman Battenfeld Malaysia Sdn Bhd,,,
WLE GASES SDN BHD,,,
Wonway,,,
WOO GARMENT TRADING SDN. BHD.,,,
Worldwide Copier Sales & Services,,,
wosco,,,
WT HOSE & COUPLING SDN BHD,,,
WTW Global Engineering Sdn Bhd,,,
WY BUSINESS CONSULTANCY SDN. BHD,,,
XCITE AUDIO,,,
Y.E.H Sign,,,
YANLOI KIDS WORLD SDN. BHD.,,,
YEE FOH TRADING SDN. BHD.,,,
Yee Hua Air-cond Service,,,
YENOM LABEL (MALAYSIA) SDN BHD,,,
YES GIRL FASHION SDN. BHD.,,,
YESCO SDN. BHD.,,,
Yeses Lighting Gallery,,,
YIKKI FASHION (M) SDN. BHD.,,,
YL MASON HOLDINGS SDN. BHD.,,,
YL Plumbing & Roof Leaking,,,
YLF Manufacturing Sdn Bhd,,,
Yonghui Materials & Packaging Sdn. Bhd.,,,
YUKTA SDN BHD,,,
Yukubi Global Sdn. Bhd.,,,
ZAIRIEN LEGACY ENTERPRISE,,,
Zaliza Niaga Engineering Sdn Bhd,,,
ZASHTECH SDN BHD,,,
ZECTRON AUTO SDN. BHD.,,,
ZEEPAARD ENGINEERING SDN BHD,,,
ZEKA SDN. BHD.,,,
ZOLANO,,,
ZYON INTERIOR DESIGN SDN. BHD,,,
????,,,
